id;type;version;path;method;description
1;URL;hack Electronics Oklahoma;Cambridgeshire navigate Licensed;PUT;Investment Account
2;OBJECT;models;driver payment Mexican Peso Mexican Unidad de Inversion (UDI);UNLOCK;Chips National Idaho
3;OBJECT;Salad Connecticut;Generic Advanced;HEAD;solid state Clothing deposit
4;URL;Unbranded programming District;Concrete;UNLOCK;FTP
5;COMPONENT;Handmade Plastic Mouse neural;Money Market Account;DELETE;JSON National
6;COMPONENT;Idaho Grocery;Concrete Towels Avon;LINK;Indiana deposit Electronics
7;COMPONENT;Towels applications;Zimbabwe;PUT;application scale
8;URL;Expressway;Tools Street;UNLINK;Mountain Malaysia supply-chains
9;OBJECT;Pants;Tasty navigate didactic;OPTIONS;calculating
10;URL;olive;Kids Incredible;LINK;Licensed Visionary pixel
